epoch,step,min,max,mean,std
1,10000,-0.004350640345364809,0.004729914013296366,0.000867831869982183,0.0016445886576548219
