epoch,step,min,max,mean,std
1,10000,-0.008789528161287308,0.0076326606795191765,0.0006171856075525284,0.0021673000883311033
