epoch,step,min,max,mean,std
1,10000,-0.008854170329868793,0.01527952216565609,2.110715286107734e-06,0.0021820683032274246
