epoch,step,min,max,mean,std
1,10000,-0.0008346966933459044,0.05212011933326721,0.008752133697271347,0.0098565137013793
