epoch,step,min,max,mean,std
1,10000,-0.006826622411608696,0.007239137776196003,0.0002218111912952736,0.0007755524129606783
