epoch,step,min,max,mean,std
1,10000,0.018840670585632324,0.04190380871295929,0.030372239649295807,0.011531569063663483
